Wall time,Step,Value
1734808562.6692107,1,0.04504503309726715
1734809960.943677,2,0.0838828757405281
1734811337.8488588,3,0.10633890330791473
1734812716.7296734,4,0.11872552335262299
1734814095.3650103,5,0.131963849067688
1734815469.7032292,6,0.1382519155740738
1734816845.0197694,7,0.14947164058685303
1734818215.447403,8,0.15247081220149994
1734819594.8980832,9,0.1644354611635208
1734820971.1706626,10,0.16727912425994873
