Wall time,Step,Value
1734807871.556946,1,0.1813175082206726
1734808073.4601462,2,0.3272973597049713
1734808275.4607508,3,0.41643592715263367
1734808477.267914,4,0.46555784344673157
1734808679.5969338,5,0.5088815093040466
1734808881.5001895,6,0.5457562804222107
1734809083.540167,7,0.5726107358932495
1734809285.533801,8,0.5822958946228027
1734809488.5303304,9,0.6037953495979309
1734809690.1097784,10,0.6134238243103027
